{
    "accuracy": 1.0,
    "f1_score": 1.0,
    "average_latency_ms": 0.06718301773071289,
    "p95_latency_ms": 0.07987022399902344
}